批号,品名,检测序号,点位序号,测量值(mm),最大值(mm),基准值(mm),上公差(mm),下公差(mm),偏差(mm),判定,测量时间
3654867,RWD,1,1,0.003,0.004,5.0,0.2,-0.3,-4.997,NG,2026-07-29T15:42:55.600626
3654867,RWD,1,2,0.003,0.004,5.0,0.2,-0.3,-4.997,NG,2026-07-29T15:42:55.600626
3654867,RWD,1,3,0.002,0.004,5.0,0.2,-0.3,-4.998,NG,2026-07-29T15:42:55.600626
3654867,RWD,1,4,0.004,0.004,5.0,0.2,-0.3,-4.996,NG,2026-07-29T15:42:55.600626
3654867,RWD,1,5,0.004,0.004,5.0,0.2,-0.3,-4.996,NG,2026-07-29T15:42:55.600626
3654867,RWD,1,1,0.003,0.003,5.0,0.2,-0.3,-4.997,NG,2026-07-29T15:44:25.913020
3654867,RWD,1,2,-0.001,0.003,5.0,0.2,-0.3,-5.001,NG,2026-07-29T15:44:25.913020
3654867,RWD,1,3,0.003,0.003,5.0,0.2,-0.3,-4.997,NG,2026-07-29T15:44:25.913020
3654867,RWD,1,4,0.002,0.003,5.0,0.2,-0.3,-4.998,NG,2026-07-29T15:44:25.913020
3654867,RWD,1,5,0.001,0.003,5.0,0.2,-0.3,-4.999,NG,2026-07-29T15:44:25.913020
3654867,RWD,1,6,0.001,0.003,5.0,0.2,-0.3,-4.999,NG,2026-07-29T15:44:25.913020
3654867,RWD,1,7,0.001,0.003,5.0,0.2,-0.3,-4.999,NG,2026-07-29T15:44:25.913020
3654867,RWD,1,8,0.0,0.003,5.0,0.2,-0.3,-5.0,NG,2026-07-29T15:44:25.913020
3654867,RWD,1,9,0.001,0.003,5.0,0.2,-0.3,-4.999,NG,2026-07-29T15:44:25.913020
3654867,RWD,1,10,0.0,0.003,5.0,0.2,-0.3,-5.0,NG,2026-07-29T15:44:25.913020
3654867,RWD,1,11,0.0,0.003,5.0,0.2,-0.3,-5.0,NG,2026-07-29T15:44:25.913020
3654867,RWD,1,12,-0.001,0.003,5.0,0.2,-0.3,-5.001,NG,2026-07-29T15:44:25.913020
3654867,RWD,1,13,-0.001,0.003,5.0,0.2,-0.3,-5.001,NG,2026-07-29T15:44:25.913020
3654867,RWD,1,14,0.001,0.003,5.0,0.2,-0.3,-4.999,NG,2026-07-29T15:44:25.913020
3654867,RWD,1,15,-0.001,0.003,5.0,0.2,-0.3,-5.001,NG,2026-07-29T15:44:25.913020
3654867,RWD,1,16,0.002,0.003,5.0,0.2,-0.3,-4.998,NG,2026-07-29T15:44:25.913020
3654867,RWD,1,17,0.0,0.003,5.0,0.2,-0.3,-5.0,NG,2026-07-29T15:44:25.913020
3654867,RWD,1,18,0.0,0.003,5.0,0.2,-0.3,-5.0,NG,2026-07-29T15:44:25.913020
3654867,RWD,1,19,0.002,0.003,5.0,0.2,-0.3,-4.998,NG,2026-07-29T15:44:25.913020
3654867,RWD,1,20,0.0,0.003,5.0,0.2,-0.3,-5.0,NG,2026-07-29T15:44:25.913020
3654867,RWD,1,21,0.001,0.003,5.0,0.2,-0.3,-4.999,NG,2026-07-29T15:44:25.913020
3654867,RWD,1,22,0.002,0.003,5.0,0.2,-0.3,-4.998,NG,2026-07-29T15:44:25.913020
3654867,RWD,1,23,0.0,0.003,5.0,0.2,-0.3,-5.0,NG,2026-07-29T15:44:25.913020
3654867,RWD,1,1,0.0,0.006,5.0,0.2,-0.3,-5.0,NG,2026-07-29T15:46:18.834339
3654867,RWD,1,2,0.002,0.006,5.0,0.2,-0.3,-4.998,NG,2026-07-29T15:46:18.834339
3654867,RWD,1,3,-0.001,0.006,5.0,0.2,-0.3,-5.001,NG,2026-07-29T15:46:18.834339
3654867,RWD,1,4,-0.002,0.006,5.0,0.2,-0.3,-5.002,NG,2026-07-29T15:46:18.834339
3654867,RWD,1,5,-999.999,0.006,5.0,0.2,-0.3,-1004.999,NG,2026-07-29T15:46:18.834339
3654867,RWD,1,6,-0.001,0.006,5.0,0.2,-0.3,-5.001,NG,2026-07-29T15:46:18.834339
3654867,RWD,1,7,-0.002,0.006,5.0,0.2,-0.3,-5.002,NG,2026-07-29T15:46:18.834339
3654867,RWD,1,8,-0.001,0.006,5.0,0.2,-0.3,-5.001,NG,2026-07-29T15:46:18.834339
3654867,RWD,1,9,0.0,0.006,5.0,0.2,-0.3,-5.0,NG,2026-07-29T15:46:18.834339
3654867,RWD,1,10,-999.999,0.006,5.0,0.2,-0.3,-1004.999,NG,2026-07-29T15:46:18.834339
3654867,RWD,1,11,-0.003,0.006,5.0,0.2,-0.3,-5.003,NG,2026-07-29T15:46:18.834339
3654867,RWD,1,12,0.006,0.006,5.0,0.2,-0.3,-4.994,NG,2026-07-29T15:46:18.834339
3654867,RWD,1,13,0.004,0.006,5.0,0.2,-0.3,-4.996,NG,2026-07-29T15:46:18.834339
3654867,RWD,1,14,0.002,0.006,5.0,0.2,-0.3,-4.998,NG,2026-07-29T15:46:18.834339
3654867,RWD,1,15,0.0,0.006,5.0,0.2,-0.3,-5.0,NG,2026-07-29T15:46:18.834339
3654867,RWD,1,16,0.002,0.006,5.0,0.2,-0.3,-4.998,NG,2026-07-29T15:46:18.834339
3654867,RWD,1,17,0.002,0.006,5.0,0.2,-0.3,-4.998,NG,2026-07-29T15:46:18.834339
3654867,RWD,1,18,0.0,0.006,5.0,0.2,-0.3,-5.0,NG,2026-07-29T15:46:18.834339
3654867,RWD,1,19,-0.001,0.006,5.0,0.2,-0.3,-5.001,NG,2026-07-29T15:46:18.834339
3654867,RWD,1,20,0.0,0.006,5.0,0.2,-0.3,-5.0,NG,2026-07-29T15:46:18.834339
3654867,RWD,1,21,-0.003,0.006,5.0,0.2,-0.3,-5.003,NG,2026-07-29T15:46:18.834339
3654867,RWD,1,22,0.002,0.006,5.0,0.2,-0.3,-4.998,NG,2026-07-29T15:46:18.834339
3654867,RWD,1,23,0.002,0.006,5.0,0.2,-0.3,-4.998,NG,2026-07-29T15:46:18.834339
3654867,RWD,1,1,0.0,0.003,5.0,0.2,-0.3,-5.0,NG,2026-07-29T15:46:43.879341
3654867,RWD,1,2,0.001,0.003,5.0,0.2,-0.3,-4.999,NG,2026-07-29T15:46:43.879341
3654867,RWD,1,3,-0.002,0.003,5.0,0.2,-0.3,-5.002,NG,2026-07-29T15:46:43.879341
3654867,RWD,1,4,0.001,0.003,5.0,0.2,-0.3,-4.999,NG,2026-07-29T15:46:43.879341
3654867,RWD,1,5,0.002,0.003,5.0,0.2,-0.3,-4.998,NG,2026-07-29T15:46:43.879341
3654867,RWD,1,6,0.002,0.003,5.0,0.2,-0.3,-4.998,NG,2026-07-29T15:46:43.879341
3654867,RWD,1,7,-0.001,0.003,5.0,0.2,-0.3,-5.001,NG,2026-07-29T15:46:43.879341
3654867,RWD,1,8,-0.001,0.003,5.0,0.2,-0.3,-5.001,NG,2026-07-29T15:46:43.879341
3654867,RWD,1,9,0.002,0.003,5.0,0.2,-0.3,-4.998,NG,2026-07-29T15:46:43.879341
3654867,RWD,1,10,0.001,0.003,5.0,0.2,-0.3,-4.999,NG,2026-07-29T15:46:43.879341
3654867,RWD,1,11,0.001,0.003,5.0,0.2,-0.3,-4.999,NG,2026-07-29T15:46:43.879341
3654867,RWD,1,12,0.003,0.003,5.0,0.2,-0.3,-4.997,NG,2026-07-29T15:46:43.879341
3654867,RWD,1,13,0.001,0.003,5.0,0.2,-0.3,-4.999,NG,2026-07-29T15:46:43.879341
3654867,RWD,1,14,-999.999,0.003,5.0,0.2,-0.3,-1004.999,NG,2026-07-29T15:46:43.879341
3654867,RWD,1,15,0.001,0.003,5.0,0.2,-0.3,-4.999,NG,2026-07-29T15:46:43.879341
3654867,RWD,1,16,0.001,0.003,5.0,0.2,-0.3,-4.999,NG,2026-07-29T15:46:43.879341
3654867,RWD,1,17,-0.001,0.003,5.0,0.2,-0.3,-5.001,NG,2026-07-29T15:46:43.879341
3654867,RWD,1,18,-0.001,0.003,5.0,0.2,-0.3,-5.001,NG,2026-07-29T15:46:43.879341
3654867,RWD,1,19,-999.999,0.003,5.0,0.2,-0.3,-1004.999,NG,2026-07-29T15:46:43.879341
3654867,RWD,1,20,-0.002,0.003,5.0,0.2,-0.3,-5.002,NG,2026-07-29T15:46:43.879341
3654867,RWD,1,21,0.0,0.003,5.0,0.2,-0.3,-5.0,NG,2026-07-29T15:46:43.879341
3654867,RWD,1,22,-0.002,0.003,5.0,0.2,-0.3,-5.002,NG,2026-07-29T15:46:43.879341
3654867,RWD,1,23,-0.001,0.003,5.0,0.2,-0.3,-5.001,NG,2026-07-29T15:46:43.879341
3654867,RWD,1,1,0.001,0.004,5.0,0.2,-0.3,-4.999,NG,2026-07-29T15:49:38.901421
3654867,RWD,1,2,0.002,0.004,5.0,0.2,-0.3,-4.998,NG,2026-07-29T15:49:38.901421
3654867,RWD,1,3,0.001,0.004,5.0,0.2,-0.3,-4.999,NG,2026-07-29T15:49:38.901421
3654867,RWD,1,4,0.004,0.004,5.0,0.2,-0.3,-4.996,NG,2026-07-29T15:49:38.901421
3654867,RWD,1,5,0.0,0.004,5.0,0.2,-0.3,-5.0,NG,2026-07-29T15:49:38.901421
3654867,RWD,1,6,0.004,0.004,5.0,0.2,-0.3,-4.996,NG,2026-07-29T15:49:38.901421
3654867,RWD,1,7,0.001,0.004,5.0,0.2,-0.3,-4.999,NG,2026-07-29T15:49:38.901421
3654867,RWD,1,8,0.002,0.004,5.0,0.2,-0.3,-4.998,NG,2026-07-29T15:49:38.901421
3654867,RWD,1,9,0.0,0.004,5.0,0.2,-0.3,-5.0,NG,2026-07-29T15:49:38.901421
3654867,RWD,1,10,-0.001,0.004,5.0,0.2,-0.3,-5.001,NG,2026-07-29T15:49:38.901421
3654867,RWD,1,11,0.002,0.004,5.0,0.2,-0.3,-4.998,NG,2026-07-29T15:49:38.901421
3654867,RWD,1,12,0.004,0.004,5.0,0.2,-0.3,-4.996,NG,2026-07-29T15:49:38.901421
3654867,RWD,1,13,-0.004,0.004,5.0,0.2,-0.3,-5.004,NG,2026-07-29T15:49:38.901421
3654867,RWD,1,14,0.0,0.004,5.0,0.2,-0.3,-5.0,NG,2026-07-29T15:49:38.901421
3654867,RWD,1,15,0.001,0.004,5.0,0.2,-0.3,-4.999,NG,2026-07-29T15:49:38.901421
3654867,RWD,1,16,0.0,0.004,5.0,0.2,-0.3,-5.0,NG,2026-07-29T15:49:38.901421
3654867,RWD,1,17,0.002,0.004,5.0,0.2,-0.3,-4.998,NG,2026-07-29T15:49:38.901421
3654867,RWD,1,18,-0.001,0.004,5.0,0.2,-0.3,-5.001,NG,2026-07-29T15:49:38.901421
3654867,RWD,1,19,-0.002,0.004,5.0,0.2,-0.3,-5.002,NG,2026-07-29T15:49:38.901421
3654867,RWD,1,20,-0.001,0.004,5.0,0.2,-0.3,-5.001,NG,2026-07-29T15:49:38.901421
3654867,RWD,1,21,0.001,0.004,5.0,0.2,-0.3,-4.999,NG,2026-07-29T15:49:38.901421
3654867,RWD,1,22,0.002,0.004,5.0,0.2,-0.3,-4.998,NG,2026-07-29T15:49:38.901421
3654867,RWD,1,1,0.003,0.004,5.0,0.2,-0.3,-4.997,NG,2026-07-29T15:51:17.985346
3654867,RWD,1,2,-0.001,0.004,5.0,0.2,-0.3,-5.001,NG,2026-07-29T15:51:17.985346
3654867,RWD,1,3,0.003,0.004,5.0,0.2,-0.3,-4.997,NG,2026-07-29T15:51:17.985346
3654867,RWD,1,4,0.001,0.004,5.0,0.2,-0.3,-4.999,NG,2026-07-29T15:51:17.985346
3654867,RWD,1,5,0.0,0.004,5.0,0.2,-0.3,-5.0,NG,2026-07-29T15:51:17.985346
3654867,RWD,1,6,0.001,0.004,5.0,0.2,-0.3,-4.999,NG,2026-07-29T15:51:17.985346
3654867,RWD,1,7,0.001,0.004,5.0,0.2,-0.3,-4.999,NG,2026-07-29T15:51:17.985346
3654867,RWD,1,8,0.001,0.004,5.0,0.2,-0.3,-4.999,NG,2026-07-29T15:51:17.985346
3654867,RWD,1,9,0.001,0.004,5.0,0.2,-0.3,-4.999,NG,2026-07-29T15:51:17.985346
3654867,RWD,1,10,0.002,0.004,5.0,0.2,-0.3,-4.998,NG,2026-07-29T15:51:17.985346
3654867,RWD,1,11,0.002,0.004,5.0,0.2,-0.3,-4.998,NG,2026-07-29T15:51:17.985346
3654867,RWD,1,12,0.0,0.004,5.0,0.2,-0.3,-5.0,NG,2026-07-29T15:51:17.985346
3654867,RWD,1,13,0.0,0.004,5.0,0.2,-0.3,-5.0,NG,2026-07-29T15:51:17.985346
3654867,RWD,1,14,0.0,0.004,5.0,0.2,-0.3,-5.0,NG,2026-07-29T15:51:17.985346
3654867,RWD,1,15,0.001,0.004,5.0,0.2,-0.3,-4.999,NG,2026-07-29T15:51:17.985346
3654867,RWD,1,16,0.001,0.004,5.0,0.2,-0.3,-4.999,NG,2026-07-29T15:51:17.985346
3654867,RWD,1,17,0.001,0.004,5.0,0.2,-0.3,-4.999,NG,2026-07-29T15:51:17.985346
3654867,RWD,1,18,-0.002,0.004,5.0,0.2,-0.3,-5.002,NG,2026-07-29T15:51:17.985346
3654867,RWD,1,19,0.0,0.004,5.0,0.2,-0.3,-5.0,NG,2026-07-29T15:51:17.985346
3654867,RWD,1,20,0.001,0.004,5.0,0.2,-0.3,-4.999,NG,2026-07-29T15:51:17.985346
3654867,RWD,1,21,-0.001,0.004,5.0,0.2,-0.3,-5.001,NG,2026-07-29T15:51:17.985346
3654867,RWD,1,22,0.001,0.004,5.0,0.2,-0.3,-4.999,NG,2026-07-29T15:51:17.985346
3654867,RWD,1,23,0.002,0.004,5.0,0.2,-0.3,-4.998,NG,2026-07-29T15:51:17.985346
3654867,RWD,1,24,0.004,0.004,5.0,0.2,-0.3,-4.996,NG,2026-07-29T15:51:17.985346
3654867,RWD,1,25,0.001,0.004,5.0,0.2,-0.3,-4.999,NG,2026-07-29T15:51:17.985346
3654867,RWD,1,26,0.001,0.004,5.0,0.2,-0.3,-4.999,NG,2026-07-29T15:51:17.985346
3654867,RWD,1,27,-0.002,0.004,5.0,0.2,-0.3,-5.002,NG,2026-07-29T15:51:17.985346
3654867,RWD,1,28,0.0,0.004,5.0,0.2,-0.3,-5.0,NG,2026-07-29T15:51:17.985346
3654867,RWD,1,29,-0.003,0.004,5.0,0.2,-0.3,-5.003,NG,2026-07-29T15:51:17.985346
3654867,RWD,1,30,0.001,0.004,5.0,0.2,-0.3,-4.999,NG,2026-07-29T15:51:17.985346
3654867,RWD,1,31,0.003,0.004,5.0,0.2,-0.3,-4.997,NG,2026-07-29T15:51:17.985346
3654867,RWD,1,32,-0.002,0.004,5.0,0.2,-0.3,-5.002,NG,2026-07-29T15:51:17.985346
3654867,RWD,1,33,-0.001,0.004,5.0,0.2,-0.3,-5.001,NG,2026-07-29T15:51:17.985346
3654867,RWD,1,34,-0.003,0.004,5.0,0.2,-0.3,-5.003,NG,2026-07-29T15:51:17.985346
3654867,RWD,1,35,-0.004,0.004,5.0,0.2,-0.3,-5.004,NG,2026-07-29T15:51:17.985346
3654867,RWD,1,36,0.003,0.004,5.0,0.2,-0.3,-4.997,NG,2026-07-29T15:51:17.985346
3654867,RWD,1,37,0.0,0.004,5.0,0.2,-0.3,-5.0,NG,2026-07-29T15:51:17.985346
3654867,RWD,1,38,0.002,0.004,5.0,0.2,-0.3,-4.998,NG,2026-07-29T15:51:17.985346
3654867,RWD,1,39,-0.001,0.004,5.0,0.2,-0.3,-5.001,NG,2026-07-29T15:51:17.985346
3654867,RWD,1,40,0.002,0.004,5.0,0.2,-0.3,-4.998,NG,2026-07-29T15:51:17.985346
3654867,RWD,1,41,0.001,0.004,5.0,0.2,-0.3,-4.999,NG,2026-07-29T15:51:17.985346
3654867,RWD,1,42,0.001,0.004,5.0,0.2,-0.3,-4.999,NG,2026-07-29T15:51:17.985346
3654867,RWD,1,43,0.0,0.004,5.0,0.2,-0.3,-5.0,NG,2026-07-29T15:51:17.985346
3654867,RWD,1,44,0.001,0.004,5.0,0.2,-0.3,-4.999,NG,2026-07-29T15:51:17.985346
3654867,RWD,1,45,0.0,0.004,5.0,0.2,-0.3,-5.0,NG,2026-07-29T15:51:17.985346
3654867,RWD,1,46,0.0,0.004,5.0,0.2,-0.3,-5.0,NG,2026-07-29T15:51:17.985346
3654867,RWD,1,47,0.003,0.004,5.0,0.2,-0.3,-4.997,NG,2026-07-29T15:51:17.985346
3654867,RWD,1,48,0.0,0.004,5.0,0.2,-0.3,-5.0,NG,2026-07-29T15:51:17.985346
3654867,RWD,1,49,0.002,0.004,5.0,0.2,-0.3,-4.998,NG,2026-07-29T15:51:17.985346
3654867,RWD,1,50,0.001,0.004,5.0,0.2,-0.3,-4.999,NG,2026-07-29T15:51:17.985346
3654867,RWD,1,51,-0.001,0.004,5.0,0.2,-0.3,-5.001,NG,2026-07-29T15:51:17.985346
3654867,RWD,1,52,0.0,0.004,5.0,0.2,-0.3,-5.0,NG,2026-07-29T15:51:17.985346
3654867,RWD,1,53,0.0,0.004,5.0,0.2,-0.3,-5.0,NG,2026-07-29T15:51:17.985346
3654867,RWD,1,54,-0.001,0.004,5.0,0.2,-0.3,-5.001,NG,2026-07-29T15:51:17.985346
3654867,RWD,1,55,0.001,0.004,5.0,0.2,-0.3,-4.999,NG,2026-07-29T15:51:17.985346
3654867,RWD,1,56,-0.001,0.004,5.0,0.2,-0.3,-5.001,NG,2026-07-29T15:51:17.985346
3654867,RWD,1,57,0.001,0.004,5.0,0.2,-0.3,-4.999,NG,2026-07-29T15:51:17.985346
3654867,RWD,1,58,-0.002,0.004,5.0,0.2,-0.3,-5.002,NG,2026-07-29T15:51:17.985346
3654867,RWD,1,59,0.001,0.004,5.0,0.2,-0.3,-4.999,NG,2026-07-29T15:51:17.985346
3654867,RWD,1,60,0.0,0.004,5.0,0.2,-0.3,-5.0,NG,2026-07-29T15:51:17.985346
3654867,RWD,1,61,0.001,0.004,5.0,0.2,-0.3,-4.999,NG,2026-07-29T15:51:17.985346
3654867,RWD,1,62,0.001,0.004,5.0,0.2,-0.3,-4.999,NG,2026-07-29T15:51:17.985346
3654867,RWD,1,63,0.001,0.004,5.0,0.2,-0.3,-4.999,NG,2026-07-29T15:51:17.985346
3654867,RWD,1,64,0.001,0.004,5.0,0.2,-0.3,-4.999,NG,2026-07-29T15:51:17.985346
3654867,RWD,1,65,0.003,0.004,5.0,0.2,-0.3,-4.997,NG,2026-07-29T15:51:17.985346
3654867,RWD,1,66,0.003,0.004,5.0,0.2,-0.3,-4.997,NG,2026-07-29T15:51:17.985346
3654867,RWD,1,67,-0.001,0.004,5.0,0.2,-0.3,-5.001,NG,2026-07-29T15:51:17.985346
3654867,RWD,1,68,0.002,0.004,5.0,0.2,-0.3,-4.998,NG,2026-07-29T15:51:17.985346
3654867,RWD,1,69,0.001,0.004,5.0,0.2,-0.3,-4.999,NG,2026-07-29T15:51:17.985346
3654867,RWD,1,1,0.001,0.137,5.0,0.2,-0.3,-4.999,NG,2026-07-29T15:53:36.388771
3654867,RWD,1,2,0.0,0.137,5.0,0.2,-0.3,-5.0,NG,2026-07-29T15:53:36.388771
3654867,RWD,1,3,0.006,0.137,5.0,0.2,-0.3,-4.994,NG,2026-07-29T15:53:36.388771
3654867,RWD,1,4,0.0,0.137,5.0,0.2,-0.3,-5.0,NG,2026-07-29T15:53:36.388771
3654867,RWD,1,5,0.002,0.137,5.0,0.2,-0.3,-4.998,NG,2026-07-29T15:53:36.388771
3654867,RWD,1,6,0.001,0.137,5.0,0.2,-0.3,-4.999,NG,2026-07-29T15:53:36.388771
3654867,RWD,1,7,0.004,0.137,5.0,0.2,-0.3,-4.996,NG,2026-07-29T15:53:36.388771
3654867,RWD,1,8,-0.001,0.137,5.0,0.2,-0.3,-5.001,NG,2026-07-29T15:53:36.388771
3654867,RWD,1,9,-0.001,0.137,5.0,0.2,-0.3,-5.001,NG,2026-07-29T15:53:36.388771
3654867,RWD,1,10,0.002,0.137,5.0,0.2,-0.3,-4.998,NG,2026-07-29T15:53:36.388771
3654867,RWD,1,11,0.0,0.137,5.0,0.2,-0.3,-5.0,NG,2026-07-29T15:53:36.388771
3654867,RWD,1,12,-0.002,0.137,5.0,0.2,-0.3,-5.002,NG,2026-07-29T15:53:36.388771
3654867,RWD,1,13,0.001,0.137,5.0,0.2,-0.3,-4.999,NG,2026-07-29T15:53:36.388771
3654867,RWD,1,14,0.053,0.137,5.0,0.2,-0.3,-4.947,NG,2026-07-29T15:53:36.388771
3654867,RWD,1,15,0.001,0.137,5.0,0.2,-0.3,-4.999,NG,2026-07-29T15:53:36.388771
3654867,RWD,1,16,0.002,0.137,5.0,0.2,-0.3,-4.998,NG,2026-07-29T15:53:36.388771
3654867,RWD,1,17,0.002,0.137,5.0,0.2,-0.3,-4.998,NG,2026-07-29T15:53:36.388771
3654867,RWD,1,18,0.001,0.137,5.0,0.2,-0.3,-4.999,NG,2026-07-29T15:53:36.388771
3654867,RWD,1,19,0.137,0.137,5.0,0.2,-0.3,-4.863,NG,2026-07-29T15:53:36.388771
3654867,RWD,1,20,-0.002,0.137,5.0,0.2,-0.3,-5.002,NG,2026-07-29T15:53:36.388771
3654867,RWD,1,21,0.0,0.137,5.0,0.2,-0.3,-5.0,NG,2026-07-29T15:53:36.388771
3654867,RWD,1,22,0.002,0.137,5.0,0.2,-0.3,-4.998,NG,2026-07-29T15:53:36.388771
3654867,RWD,1,23,0.001,0.137,5.0,0.2,-0.3,-4.999,NG,2026-07-29T15:53:36.388771
3654867,RWD,2,1,0.455,0.458,5.0,0.2,-0.3,-4.545,NG,2026-07-29T15:58:01.821116
3654867,RWD,2,2,0.45,0.458,5.0,0.2,-0.3,-4.55,NG,2026-07-29T15:58:01.821116
3654867,RWD,2,3,0.279,0.458,5.0,0.2,-0.3,-4.721,NG,2026-07-29T15:58:01.821116
3654867,RWD,2,4,0.441,0.458,5.0,0.2,-0.3,-4.559,NG,2026-07-29T15:58:01.821116
3654867,RWD,2,5,0.458,0.458,5.0,0.2,-0.3,-4.542,NG,2026-07-29T15:58:01.821116
3654867,RWD,2,6,0.449,0.458,5.0,0.2,-0.3,-4.551,NG,2026-07-29T15:58:01.821116
3654867,RWD,2,7,0.403,0.458,5.0,0.2,-0.3,-4.597,NG,2026-07-29T15:58:01.821116
3654867,RWD,2,8,0.406,0.458,5.0,0.2,-0.3,-4.594,NG,2026-07-29T15:58:01.821116
3654867,RWD,2,9,0.328,0.458,5.0,0.2,-0.3,-4.672,NG,2026-07-29T15:58:01.821116
3654867,RWD,2,10,0.443,0.458,5.0,0.2,-0.3,-4.557,NG,2026-07-29T15:58:01.821116
3654867,RWD,2,11,0.449,0.458,5.0,0.2,-0.3,-4.551,NG,2026-07-29T15:58:01.821116
3654867,RWD,2,12,0.446,0.458,5.0,0.2,-0.3,-4.554,NG,2026-07-29T15:58:01.821116
3654867,RWD,2,13,0.311,0.458,5.0,0.2,-0.3,-4.689,NG,2026-07-29T15:58:01.821116
3654867,RWD,2,14,0.451,0.458,5.0,0.2,-0.3,-4.549,NG,2026-07-29T15:58:01.821116
3654867,RWD,2,15,0.334,0.458,5.0,0.2,-0.3,-4.666,NG,2026-07-29T15:58:01.821116
3654867,RWD,2,16,0.454,0.458,5.0,0.2,-0.3,-4.546,NG,2026-07-29T15:58:01.821116
3654867,RWD,2,17,0.292,0.458,5.0,0.2,-0.3,-4.708,NG,2026-07-29T15:58:01.821116
3654867,RWD,2,18,0.458,0.458,5.0,0.2,-0.3,-4.542,NG,2026-07-29T15:58:01.821116
3654867,RWD,2,19,0.443,0.458,5.0,0.2,-0.3,-4.557,NG,2026-07-29T15:58:01.821116
3654867,RWD,2,20,0.35,0.458,5.0,0.2,-0.3,-4.65,NG,2026-07-29T15:58:01.821116
3654867,RWD,2,21,0.439,0.458,5.0,0.2,-0.3,-4.561,NG,2026-07-29T15:58:01.821116
3654867,RWD,2,22,0.288,0.458,5.0,0.2,-0.3,-4.712,NG,2026-07-29T15:58:01.821116
3654867,RWD,2,1,0.445,0.457,0.8,0.0,-0.4,-0.355,OK,2026-07-29T15:59:49.513431
3654867,RWD,2,2,0.346,0.457,0.8,0.0,-0.4,-0.454,OK,2026-07-29T15:59:49.513431
3654867,RWD,2,3,0.444,0.457,0.8,0.0,-0.4,-0.356,OK,2026-07-29T15:59:49.513431
3654867,RWD,2,4,0.435,0.457,0.8,0.0,-0.4,-0.365,OK,2026-07-29T15:59:49.513431
3654867,RWD,2,5,0.293,0.457,0.8,0.0,-0.4,-0.507,OK,2026-07-29T15:59:49.513431
3654867,RWD,2,6,0.447,0.457,0.8,0.0,-0.4,-0.353,OK,2026-07-29T15:59:49.513431
3654867,RWD,2,7,0.357,0.457,0.8,0.0,-0.4,-0.443,OK,2026-07-29T15:59:49.513431
3654867,RWD,2,8,0.457,0.457,0.8,0.0,-0.4,-0.343,OK,2026-07-29T15:59:49.513431
3654867,RWD,2,9,0.336,0.457,0.8,0.0,-0.4,-0.464,OK,2026-07-29T15:59:49.513431
3654867,RWD,2,10,0.438,0.457,0.8,0.0,-0.4,-0.362,OK,2026-07-29T15:59:49.513431
3654867,RWD,2,11,0.351,0.457,0.8,0.0,-0.4,-0.449,OK,2026-07-29T15:59:49.513431
3654867,RWD,2,12,0.448,0.457,0.8,0.0,-0.4,-0.352,OK,2026-07-29T15:59:49.513431
3654867,RWD,2,13,0.346,0.457,0.8,0.0,-0.4,-0.454,OK,2026-07-29T15:59:49.513431
3654867,RWD,2,14,0.442,0.457,0.8,0.0,-0.4,-0.358,OK,2026-07-29T15:59:49.513431
3654867,RWD,2,15,0.327,0.457,0.8,0.0,-0.4,-0.473,OK,2026-07-29T15:59:49.513431
3654867,RWD,2,16,0.457,0.457,0.8,0.0,-0.4,-0.343,OK,2026-07-29T15:59:49.513431
3654867,RWD,2,17,0.351,0.457,0.8,0.0,-0.4,-0.449,OK,2026-07-29T15:59:49.513431
3654867,RWD,2,18,0.449,0.457,0.8,0.0,-0.4,-0.351,OK,2026-07-29T15:59:49.513431
3654867,RWD,2,19,0.287,0.457,0.8,0.0,-0.4,-0.513,OK,2026-07-29T15:59:49.513431
3654867,RWD,2,20,0.451,0.457,0.8,0.0,-0.4,-0.349,OK,2026-07-29T15:59:49.513431
3654867,RWD,2,21,0.444,0.457,0.8,0.0,-0.4,-0.356,OK,2026-07-29T15:59:49.513431
3654867,RWD,2,22,0.344,0.457,0.8,0.0,-0.4,-0.456,OK,2026-07-29T15:59:49.513431
3654867,RWD,2,23,0.448,0.457,0.8,0.0,-0.4,-0.352,OK,2026-07-29T15:59:49.513431
